ano,GDP,IR,EX,NS,HD
2008,48498.4538108461,2.63916666666667,1851753.89,4.29910781750239,137.62716
2009,47122.976733273,0.421666666666667,1697826.222,5.94264728886176,136.24317
2010,48570.3465705044,0.29,1912584.294,6.14201054714275,128.70833
2011,49951.8922992059,0.211666666666667,2049872.624,6.76492200179588,121.83736
2012,51644.9191292263,0.204166666666667,2132240.007,8.12153564867827,115.40662
2013,53234.7331832385,0.140833333333333,2196427.761,5.12912854373526,117.37645
2014,55094.2005197663,0.1241666667,2282139.457,5.65684705595209,112.96062
2015,56796.9777668764,0.2266666667,2289433.77,6.04042890856372,110.40346
2016,57930.9133525246,0.6441666667,2300286.995,5.53845062207908,110.35382
2017,60001.5811674434,1.1525,2394929.562,5.95548967639457,109.11775
2018,62825.0060137108,2.1883333333,2463282.917,6.6750286331942,106.47147
